"Status","Start Time","Stop Time","Duration in ms","Parent Suite","Suite","Sub Suite","Test Class","Test Method","Name","Description"
"failed","Thu Oct 08 18:58:25 UTC 2026","Thu Oct 08 19:00:15 UTC 2026","110697","Creacion de Estudio Actuarial - crearEstudioTwo","specs/EstudioActuarial/crearEstudioTwo.test.ts","Verificar gestión de Estudios Actuariales","","","Crear Estudio Actuarial | [HP] | TC02-02: Verificar nueva empresa con primer estudio",""
"passed","Thu Oct 08 19:14:21 UTC 2026","Thu Oct 08 19:14:42 UTC 2026","20788","Creacion de Estudio Actuarial - crearEstudioTwo","specs/EstudioActuarial/crearEstudioTwo.test.ts","Verificar gestión de Estudios Actuariales","","","Crear Estudio Actuarial | [SP] | ACTAF-2404 Mostrar errores validación | TC02-08: Verificar usuario sube archivo con información faltante",""
"passed","Thu Oct 08 19:12:57 UTC 2026","Thu Oct 08 19:13:13 UTC 2026","15033","Creacion de Estudio Actuarial - crearEstudio","specs/EstudioActuarial/crearEstudio.test.ts","Verificar gestión de Estudios Actuariales pendientes","","","Continuar con el estudio pendiente | [HP] | ACTAF-2551 | TC03-02: Verificar que usuario puede continuar con un estudio pendiente",""
"passed","Thu Oct 08 18:59:05 UTC 2026","Thu Oct 08 18:59:50 UTC 2026","44885","Creacion de Estudio Actuarial - crearEstudio","specs/EstudioActuarial/crearEstudio.test.ts","Verificar creacion Estudio actuarial cusando empresa por primea vez en el sistema (no estudios previos)","","","Crear Estudio Actuarial | [AP] | TC02-29: Verificar tipo de empresa que inicia operaciones en el año de valoración",""
"passed","Thu Oct 08 19:00:17 UTC 2026","Thu Oct 08 19:01:07 UTC 2026","50738","Creacion de Estudio Actuarial - crearEstudioTwo","specs/EstudioActuarial/crearEstudioTwo.test.ts","Verificar gestión de Estudios Actuariales","","","Crear Estudio Actuarial | [AP] | TC02-31: Verificar tipo de empresa con estudio actuarial de un tercero",""
"passed","Thu Oct 08 19:12:34 UTC 2026","Thu Oct 08 19:12:57 UTC 2026","23811","Creacion de Estudio Actuarial - crearEstudio","specs/EstudioActuarial/crearEstudio.test.ts","Verificar gestión de Estudios Actuariales pendientes","","","Verificar Eliminacion de estudio pendiente | [HP] | ACTAF-2550 | TC03-01: Verificar que usuario puede eliminar estudios pendientes @daily",""
"passed","Thu Oct 08 19:02:14 UTC 2026","Thu Oct 08 19:02:58 UTC 2026","44064","Creacion de Estudio Actuarial - crearEstudio","specs/EstudioActuarial/crearEstudio.test.ts","Verificar creacion Estudio actuarial cusando empresa por primea vez en el sistema (no estudios previos)","","","Crear Estudio Actuarial | [AP] | TC02-23: Verificar politica de pago Sin politica en el Paso 5",""
"failed","Thu Oct 08 19:08:08 UTC 2026","Thu Oct 08 19:10:30 UTC 2026","142795","Creacion de Estudio Actuarial - crearEstudioTwo","specs/EstudioActuarial/crearEstudioTwo.test.ts","Verificar gestión de Estudios Actuariales","","","Crear Estudio Actuarial | [AP] | TC02-05: Verificar nueva empresa con tasa a corto plazo Especifica",""
"passed","Thu Oct 08 19:19:40 UTC 2026","Thu Oct 08 19:19:59 UTC 2026","19695","Creacion de Estudio Actuarial - crearEstudioTwo","specs/EstudioActuarial/crearEstudioTwo.test.ts","Verificar gestión de Estudios Actuariales","","","Carga de Nómina | [SP] | TC02-16: Verificar límite de tamaño de archivo (>1MB)",""
"passed","Thu Oct 08 19:03:45 UTC 2026","Thu Oct 08 19:04:31 UTC 2026","45830","Creacion de Estudio Actuarial - crearEstudio","specs/EstudioActuarial/crearEstudio.test.ts","Verificar creacion Estudio actuarial cusando empresa por primea vez en el sistema (no estudios previos)","","","Crear Estudio Actuarial | [AP] | TC02-25: Verificar normativa NIIF Completa con bonos locales en el Paso 5",""
"passed","Thu Oct 08 19:20:37 UTC 2026","Thu Oct 08 19:20:56 UTC 2026","19264","Creacion de Estudio Actuarial - crearEstudioTwo","specs/EstudioActuarial/crearEstudioTwo.test.ts","Verificar gestión de Estudios Actuariales","","","Carga de Nómina | [SP] | TC02-20: Verificar validación de formato de cédula ecuatoriana",""
"passed","Thu Oct 08 18:58:13 UTC 2026","Thu Oct 08 18:59:05 UTC 2026","51595","Creacion de Estudio Actuarial - crearEstudio","specs/EstudioActuarial/crearEstudio.test.ts","Verificar creacion Estudio actuarial cusando empresa por primea vez en el sistema (no estudios previos)","","","Crear Estudio Actuarial | [HP] | TC02-01-I: Editar manualmente los saldos del primer estudio anterior @daily",""
"passed","Thu Oct 08 19:19:59 UTC 2026","Thu Oct 08 19:20:18 UTC 2026","18730","Creacion de Estudio Actuarial - crearEstudioTwo","specs/EstudioActuarial/crearEstudioTwo.test.ts","Verificar gestión de Estudios Actuariales","","","Carga de Nómina | [SP] | TC02-17: Verificar formato de archivo inválido (no .xlsx)",""
"skipped","Thu Oct 08 18:58:13 UTC 2026","Thu Oct 08 18:58:13 UTC 2026","0","Creacion de Estudio Actuarial - crearEstudio","specs/EstudioActuarial/crearEstudio.test.ts","Verificar creacion Estudio actuarial cusando empresa por primea vez en el sistema (no estudios previos)","","","Crear Estudio Actuarial | [DBG] | TC02-01-DEBUG: Capturar endpoints reales sin interceptación (Enviar)",""
"failed","Thu Oct 08 19:22:38 UTC 2026","Thu Oct 08 19:24:17 UTC 2026","99761","Creacion de Estudio Actuarial - crearEstudioTwo","specs/EstudioActuarial/crearEstudioTwo.test.ts","Verificar gestión de Estudios Actuariales","","","Crear Estudio Actuarial | [HP] | TC02-27: Verificar carga de saldos de AID con detalle por trabajador",""
"passed","Thu Oct 08 19:24:18 UTC 2026","Thu Oct 08 19:24:52 UTC 2026","34451","Creacion de Estudio Actuarial - crearEstudioTwo","specs/EstudioActuarial/crearEstudioTwo.test.ts","Verificar gestión de Estudios Actuariales","","","Crear Estudio Actuarial | [SP] | TC02-28: Verificar error al subir un archivo con formato incorrecto en Saldos de AID",""
"passed","Thu Oct 08 19:19:13 UTC 2026","Thu Oct 08 19:19:40 UTC 2026","26693","Creacion de Estudio Actuarial - crearEstudioTwo","specs/EstudioActuarial/crearEstudioTwo.test.ts","Verificar gestión de Estudios Actuariales","","","Crear Estudio Actuarial | [HP] | TC02-13: Verificar carga de nómina y validación de datos de empleados",""
"passed","Thu Oct 08 19:04:31 UTC 2026","Thu Oct 08 19:05:19 UTC 2026","48675","Creacion de Estudio Actuarial - crearEstudio","specs/EstudioActuarial/crearEstudio.test.ts","Verificar creacion Estudio actuarial cusando empresa por primea vez en el sistema (no estudios previos)","","","Crear Estudio Actuarial | [AP] | TC02-26: Verificar normativa NEC en el Paso 5",""
"passed","Thu Oct 08 19:18:35 UTC 2026","Thu Oct 08 19:19:13 UTC 2026","38105","Creacion de Estudio Actuarial - crearEstudioTwo","specs/EstudioActuarial/crearEstudioTwo.test.ts","Verificar gestión de Estudios Actuariales","","","Crear Estudio Actuarial | [HP] | TC02-12: Verificar dropdown de retención IVA Contribuyentes Especiales",""
"passed","Thu Oct 08 19:13:13 UTC 2026","Thu Oct 08 19:13:32 UTC 2026","19851","Creacion de Estudio Actuarial - crearEstudio","specs/EstudioActuarial/crearEstudio.test.ts","Verificar gestión de Estudios Actuariales pendientes","","","Continuar con estudio pendiente tras paginar | [AP] | ACTAF-2551 | TC03-05: Verificar que usuario puede continuar con estudios pendientes localizados en páginas posteriores",""
"passed","Thu Oct 08 18:59:50 UTC 2026","Thu Oct 08 19:00:38 UTC 2026","47717","Creacion de Estudio Actuarial - crearEstudio","specs/EstudioActuarial/crearEstudio.test.ts","Verificar creacion Estudio actuarial cusando empresa por primea vez en el sistema (no estudios previos)","","","Crear Estudio Actuarial | [AP] | TC02-30: Verificar tipo de empresa que no realizó el estudio en el periodo anterior",""
"failed","Thu Oct 08 19:04:24 UTC 2026","Thu Oct 08 19:06:22 UTC 2026","117504","Creacion de Estudio Actuarial - crearEstudioTwo","specs/EstudioActuarial/crearEstudioTwo.test.ts","Verificar gestión de Estudios Actuariales","","","Crear Estudio Actuarial | [AP] | TC02-04: Verificar nueva empresa con tasa rotacion Especifica",""
"failed","Thu Oct 08 19:16:23 UTC 2026","Thu Oct 08 19:18:06 UTC 2026","102984","Creacion de Estudio Actuarial - crearEstudioTwo","specs/EstudioActuarial/crearEstudioTwo.test.ts","Verificar gestión de Estudios Actuariales","","","Crear Estudio Actuarial | [HP] | TC02-09: Verificar nueva empresa se registra por primera vez, con fecha de evaluacion 2024 Junio",""
"passed","Thu Oct 08 19:24:52 UTC 2026","Thu Oct 08 19:25:10 UTC 2026","17592","Creacion de Estudio Actuarial - crearEstudioTwo","specs/EstudioActuarial/crearEstudioTwo.test.ts","Verificar empresa sin datos de estudio previo","","","Crear Estudio Actuarial | [SP] | TC02-11: Verificar advertencia cuando la empresa no tiene datos de estudio previo",""
"passed","Thu Oct 08 19:01:28 UTC 2026","Thu Oct 08 19:02:14 UTC 2026","45668","Creacion de Estudio Actuarial - crearEstudio","specs/EstudioActuarial/crearEstudio.test.ts","Verificar creacion Estudio actuarial cusando empresa por primea vez en el sistema (no estudios previos)","","","Crear Estudio Actuarial | [AP] | TC02-22: Verificar politica de pago Fondo global en el Paso 5",""
"passed","Thu Oct 08 19:01:07 UTC 2026","Thu Oct 08 19:01:53 UTC 2026","45969","Creacion de Estudio Actuarial - crearEstudioTwo","specs/EstudioActuarial/crearEstudioTwo.test.ts","Verificar gestión de Estudios Actuariales","","","Crear Estudio Actuarial | [AP] | TC02-32: Verificar tipo de empresa primer estudio actuarial de la empresa",""
"passed","Thu Oct 08 19:00:38 UTC 2026","Thu Oct 08 19:01:28 UTC 2026","50342","Creacion de Estudio Actuarial - crearEstudio","specs/EstudioActuarial/crearEstudio.test.ts","Verificar creacion Estudio actuarial cusando empresa por primea vez en el sistema (no estudios previos)","","","Crear Estudio Actuarial | [AP] | TC02-21: Verificar tasa de impuesto a la renta Especifica en el Paso 8",""
"passed","Thu Oct 08 19:18:07 UTC 2026","Thu Oct 08 19:18:35 UTC 2026","28251","Creacion de Estudio Actuarial - crearEstudioTwo","specs/EstudioActuarial/crearEstudioTwo.test.ts","Verificar gestión de Estudios Actuariales","","","Crear Estudio Actuarial | [SP] | TC02-10: Verificar error al subir archivo incorrecto en Beneficios pagados",""
"failed","Thu Oct 08 19:12:23 UTC 2026","Thu Oct 08 19:14:20 UTC 2026","117490","Creacion de Estudio Actuarial - crearEstudioTwo","specs/EstudioActuarial/crearEstudioTwo.test.ts","Verificar gestión de Estudios Actuariales","","","Crear Estudio Actuarial | [AP] | TC02-06: Verificar nueva empresa con tasa a corto plazo Especifica y tasa rotacion especifica",""
"passed","Thu Oct 08 19:20:18 UTC 2026","Thu Oct 08 19:20:37 UTC 2026","18718","Creacion de Estudio Actuarial - crearEstudioTwo","specs/EstudioActuarial/crearEstudioTwo.test.ts","Verificar gestión de Estudios Actuariales","","","Carga de Nómina | [SP] | TC02-19: Verificar validación de columnas requeridas faltantes",""
"passed","Thu Oct 08 18:55:32 UTC 2026","Thu Oct 08 18:58:13 UTC 2026","161746","Creacion de Estudio Actuarial - crearEstudio","specs/EstudioActuarial/crearEstudio.test.ts","Verificar creacion Estudio actuarial cusando empresa por primea vez en el sistema (no estudios previos)","","","Crear Estudio Actuarial | [HP] | TC02-01: Verificar nueva empresa se registra por primera vez @daily",""
"passed","Thu Oct 08 19:02:58 UTC 2026","Thu Oct 08 19:03:45 UTC 2026","46961","Creacion de Estudio Actuarial - crearEstudio","specs/EstudioActuarial/crearEstudio.test.ts","Verificar creacion Estudio actuarial cusando empresa por primea vez en el sistema (no estudios previos)","","","Crear Estudio Actuarial | [AP] | TC02-24: Verificar normativa NIIF Completa con bonos de EE.UU. en el Paso 5",""
"failed","Thu Oct 08 19:08:56 UTC 2026","Thu Oct 08 19:12:32 UTC 2026","216438","Creacion de Estudio Actuarial - crearEstudio","specs/EstudioActuarial/crearEstudio.test.ts","Verificar primera empresa con año 2025 y datos recuperados (usuario DEMO)","","","Crear Estudio Actuarial | [HP] | TC02-01-H: Verificar primera empresa con año 2025 y mes de corte Diciembre (No continene datos de 2025, datos son agregados)",""
